,Product Name,Price,Net,Brand,IMG1,IMG2,IMG3,IMG4,Sold By
0,Coles Cranberry Sauce,$3.75,275g,Coles,https://media.nedigital.sg/fairprice/fpol/media/images/product/XL/13213979_XL1_20220320.jpg?w=1200&q=70,https://media.nedigital.sg/fairprice/fpol/media/images/product/XL/13213979_LXL1_20220320.jpg?w=108&q=70,None,None,Cartons & Variety DS
1,Coles Ultimate 40% Triple Chocolate Chip Cookies,$7.80,400g,Coles,https://media.nedigital.sg/fairprice/fpol/media/images/product/XL/13214083_XL1_20220320.jpg?w=1200&q=70,https://media.nedigital.sg/fairprice/fpol/media/images/product/XL/13214083_LXL1_20220320.jpg?w=108&q=70,https://media.nedigital.sg/fairprice/fpol/media/images/product/XL/13214083_BXL1_20220320.jpg?w=108&q=70,None,Cartons & Variety DS
2,Coles Belgian Dark Chocolate - 85% Cocoa,$2.95,100g,Coles,https://media.nedigital.sg/fairprice/fpol/media/images/product/XL/13214055_XL1_20220320.jpg?w=1200&q=70,https://media.nedigital.sg/fairprice/fpol/media/images/product/XL/13214055_BXL1_20220320.jpg?w=108&q=70,None,None,Cartons & Variety DS
3,Coles Finest Belgian Dark Chocolate - Roast Almond,$2.95,100g,Coles,https://media.nedigital.sg/fairprice/fpol/media/images/product/XL/13214053_XL1_20220320.jpg?w=1200&q=70,https://media.nedigital.sg/fairprice/fpol/media/images/product/XL/13214053_BXL1_20220320.jpg?w=108&q=70,None,None,Cartons & Variety DS
4,Coles Urban Coffee Culture Coffee Capsules - Strong,$6.80,52g,Coles,https://media.nedigital.sg/fairprice/fpol/media/images/product/XL/13212464_XL1_20221028.jpg?w=1200&q=70,https://media.nedigital.sg/fairprice/fpol/media/images/product/XL/13212464_LXL1_20220401.jpg?w=108&q=70,https://media.nedigital.sg/fairprice/fpol/media/images/product/XL/13212464_RXL1_20220401.jpg?w=108&q=70,https://media.nedigital.sg/fairprice/fpol/media/images/product/XL/13212464_BXL1_20220401.jpg?w=108&q=70,None
5,Coles Urban Coffee Culture Coffee Capsules - Intense,$6.80,52g,Coles,https://media.nedigital.sg/fairprice/fpol/media/images/product/XL/13212461_XL1_20221028.jpg?w=1200&q=70,None,None,None,None
6,Coles Tomato Salsa - Mild,$2.50,300g,Coles,https://media.nedigital.sg/fairprice/fpol/media/images/product/XL/13214120_XL1_20220320.jpg?w=1200&q=70,https://media.nedigital.sg/fairprice/fpol/media/images/product/XL/13214120_LXL1_20220320.jpg?w=108&q=70,None,None,Cartons & Variety DS
7,Coles Ultimate 40% Chocolate & Salted Caramel Chip Cookies,$7.80,400g,Coles,https://media.nedigital.sg/fairprice/fpol/media/images/product/XL/13214082_XL1_20220320.jpg?w=1200&q=70,https://media.nedigital.sg/fairprice/fpol/media/images/product/XL/13214082_LXL1_20220320.jpg?w=108&q=70,https://media.nedigital.sg/fairprice/fpol/media/images/product/XL/13214082_BXL1_20220320.jpg?w=108&q=70,None,Cartons & Variety DS
8,Coles Belgian Dark Chocolate - 70% Cocoa,$2.95,100g,Coles,https://media.nedigital.sg/fairprice/fpol/media/images/product/XL/13214054_XL1_20220320.jpg?w=1200&q=70,https://media.nedigital.sg/fairprice/fpol/media/images/product/XL/13214054_BXL1_20220320.jpg?w=108&q=70,None,None,Cartons & Variety DS
9,Coles Urban Coffee Culture Ground Coffee Powder - Organic,$7.80,250g,Coles,https://media.nedigital.sg/fairprice/fpol/media/images/product/XL/13212446_XL1_20221028.jpg?w=1200&q=70,https://media.nedigital.sg/fairprice/fpol/media/images/product/XL/13212446_LXL1_20220413.jpg?w=108&q=70,https://media.nedigital.sg/fairprice/fpol/media/images/product/XL/13212446_RXL1_20220413.jpg?w=108&q=70,https://media.nedigital.sg/fairprice/fpol/media/images/product/XL/13212446_BXL1_20220413.jpg?w=108&q=70,None
10,Coles I'm Free From Cookies - Ginger,$4.55,160g,Coles,https://media.nedigital.sg/fairprice/fpol/media/images/product/XL/13212472_XL1_20220413.jpg?w=1200&q=70,https://media.nedigital.sg/fairprice/fpol/media/images/product/XL/13212472_LXL1_20220413.jpg?w=108&q=70,https://media.nedigital.sg/fairprice/fpol/media/images/product/XL/13212472_BXL1_20220413.jpg?w=108&q=70,None,None
11,Coles Spread - Power Mix,$6.50,280g,Coles,https://media.nedigital.sg/fairprice/fpol/media/images/product/XL/13212349_XL1_20220401.jpg?w=1200&q=70,https://media.nedigital.sg/fairprice/fpol/media/images/product/XL/13212349_LXL1_20220401.jpg?w=108&q=70,https://media.nedigital.sg/fairprice/fpol/media/images/product/XL/13212349_BXL1_20220401.jpg?w=108&q=70,None,Cartons & Variety DS
12,Coles Urban Coffee Culture Coffee Capsules - Medium,$6.80,52g,Coles,https://media.nedigital.sg/fairprice/fpol/media/images/product/XL/13212463_XL1_20221028.jpg?w=1200&q=70,https://media.nedigital.sg/fairprice/fpol/media/images/product/XL/13212463_LXL1_20220401.jpg?w=108&q=70,https://media.nedigital.sg/fairprice/fpol/media/images/product/XL/13212463_RXL1_20220401.jpg?w=108&q=70,https://media.nedigital.sg/fairprice/fpol/media/images/product/XL/13212463_BXL1_20220401.jpg?w=108&q=70,Cartons & Variety DS
13,Coles Belgian Milk Chocolate,$4.55,200g,Coles,https://media.nedigital.sg/fairprice/fpol/media/images/product/XL/13214056_XL1_20220320.jpg?w=1200&q=70,https://media.nedigital.sg/fairprice/fpol/media/images/product/XL/13214056_BXL1_20220320.jpg?w=108&q=70,None,None,None
14,Coles Fruit Juice - Multi-Vitamin,$4.50,2L,Coles,https://media.nedigital.sg/fairprice/fpol/media/images/product/XL/13212465_XL1_20221021.jpg?w=1200&q=70,None,None,None,None
15,Coles I'm Free From Shortbread - Cream,$4.55,144g,Coles,https://media.nedigital.sg/fairprice/fpol/media/images/product/XL/13212473_XL1_20220413.jpg?w=1200&q=70,https://media.nedigital.sg/fairprice/fpol/media/images/product/XL/13212473_LXL1_20220419.jpg?w=108&q=70,https://media.nedigital.sg/fairprice/fpol/media/images/product/XL/13212473_BXL1_20220419.jpg?w=108&q=70,None,None
16,Coles Muesli - Summer Fruits,$6.20,750g,Coles,https://media.nedigital.sg/fairprice/fpol/media/images/product/XL/13213996_XL1_20220320.jpg?w=1200&q=70,https://media.nedigital.sg/fairprice/fpol/media/images/product/XL/13213996_LXL1_20220320.jpg?w=108&q=70,None,None,Cartons & Variety DS
17,Coles Organic Trail Mix,$5.60,180g,Coles,https://media.nedigital.sg/fairprice/fpol/media/images/product/XL/13212479_XL1_20220413.jpg?w=1200&q=70,https://media.nedigital.sg/fairprice/fpol/media/images/product/XL/13212479_BXL1_20220413.jpg?w=108&q=70,None,None,None
18,Coles Stacked Chips - Sour Cream & Onion,$2.95,160g,Coles,https://media.nedigital.sg/fairprice/fpol/media/images/product/XL/13221543_XL1_20220824.jpg?w=1200&q=70,None,None,None,None
19,Coles Organic Rice Noodles with Chia - Black,$4.50,225g,Coles,https://media.nedigital.sg/fairprice/fpol/media/images/product/XL/13212438_XL1_20220413.jpg?w=1200&q=70,https://media.nedigital.sg/fairprice/fpol/media/images/product/XL/13212438_BXL1_20220413.jpg?w=108&q=70,None,None,None
20,Coles Garlic Sauce,$4.55,200ml,Coles,https://media.nedigital.sg/fairprice/fpol/media/images/product/XL/13213976_XL1_20220320.jpg?w=1200&q=70,https://media.nedigital.sg/fairprice/fpol/media/images/product/XL/13213976_BXL1_20220320.jpg?w=108&q=70,None,None,None
21,Coles Organic Kernels - Buckwheat,$3.90,500g,Coles,https://media.nedigital.sg/fairprice/fpol/media/images/product/XL/13212477_XL1_20220413.jpg?w=1200&q=70,None,None,None,None
22,Coles Organic Rice Noodles with Chia - Brown,$4.50,225g,Coles,https://media.nedigital.sg/fairprice/fpol/media/images/product/XL/13212428_XL1_20220413.jpg?w=1200&q=70,https://media.nedigital.sg/fairprice/fpol/media/images/product/XL/13212428_BXL1_20220413.jpg?w=108&q=70,None,None,None
23,Coles Organic Rice Noodles with Chia - Red,$4.50,225g,Coles,https://media.nedigital.sg/fairprice/fpol/media/images/product/XL/13212427_XL1_20220413.jpg?w=1200&q=70,None,None,None,None
24,Coles Can Food - 4 Bean Mix,$1.90,420g,Coles,https://media.nedigital.sg/fairprice/fpol/media/images/product/XL/13212327_XL1_20220407.jpg?w=1200&q=70,https://media.nedigital.sg/fairprice/fpol/media/images/product/XL/13212327_LXL1_20220407.jpg?w=108&q=70,https://media.nedigital.sg/fairprice/fpol/media/images/product/XL/13212327_BXL1_20220407.jpg?w=108&q=70,None,None
25,Coles Milk Chocolate Coated Sultanas,$3.80,190g,Coles,https://media.nedigital.sg/fairprice/fpol/media/images/product/XL/13214045_XL1_20220320.jpg?w=1200&q=70,https://media.nedigital.sg/fairprice/fpol/media/images/product/XL/13214045_BXL1_20220320.jpg?w=108&q=70,None,None,Cartons & Variety DS
26,Coles Hot Chocolate Powder,$5.80,400g,Coles,https://media.nedigital.sg/fairprice/fpol/media/images/product/XL/13212437_XL1_20220421.jpg?w=1200&q=70,https://media.nedigital.sg/fairprice/fpol/media/images/product/XL/13212437_LXL1_20220421.jpg?w=108&q=70,https://media.nedigital.sg/fairprice/fpol/media/images/product/XL/13212437_BXL1_20220421.jpg?w=108&q=70,None,Cartons & Variety DS
27,Coles Milk Chocolate Coated Almonds,$3.80,190g,Coles,https://media.nedigital.sg/fairprice/fpol/media/images/product/XL/13214046_XL1_20220320.jpg?w=1200&q=70,https://media.nedigital.sg/fairprice/fpol/media/images/product/XL/13214046_BXL1_20220320.jpg?w=108&q=70,None,None,Cartons & Variety DS
28,Coles I'm Free From Corn Twist Snack - Cheese,$3.90,90g,Coles,https://media.nedigital.sg/fairprice/fpol/media/images/product/XL/13212482_XL1_20220413.jpg?w=1200&q=70,https://media.nedigital.sg/fairprice/fpol/media/images/product/XL/13212482_BXL1_20220413.jpg?w=108&q=70,None,None,None
29,Coles I'm Free From Corn Chips - Cheddar,$4.90,200g,Coles,https://media.nedigital.sg/fairprice/fpol/media/images/product/XL/13212483_XL1_20220815.jpg?w=1200&q=70,https://media.nedigital.sg/fairprice/fpol/media/images/product/XL/13212483_BXL1_20220815.jpg?w=108&q=70,None,None,None
30,Coles I'm Free From Cheese Rings,$3.90,90g,Coles,https://media.nedigital.sg/fairprice/fpol/media/images/product/XL/13212487_XL1_20220413.jpg?w=1200&q=70,https://media.nedigital.sg/fairprice/fpol/media/images/product/XL/13212487_BXL1_20220413.jpg?w=108&q=70,None,None,None
31,Coles Milk Chocolate Coated Peanuts,$3.80,190g,Coles,https://media.nedigital.sg/fairprice/fpol/media/images/product/XL/13214047_XL1_20220320.jpg?w=1200&q=70,https://media.nedigital.sg/fairprice/fpol/media/images/product/XL/13214047_BXL1_20220320.jpg?w=108&q=70,None,None,Cartons & Variety DS
32,Coles I'm Free From Cereal Flakes with Raisins - Bran,$6.85,250g,Coles,https://media.nedigital.sg/fairprice/fpol/media/images/product/XL/13212409_XL1_20220413.jpg?w=1200&q=70,https://media.nedigital.sg/fairprice/fpol/media/images/product/XL/13212409_LXL1_20220413.jpg?w=108&q=70,https://media.nedigital.sg/fairprice/fpol/media/images/product/XL/13212409_RXL1_20220413.jpg?w=108&q=70,https://media.nedigital.sg/fairprice/fpol/media/images/product/XL/13212409_BXL1_20220413.jpg?w=108&q=70,None
33,Coles Coconut Oil - Extra Virgin (Unrefined),$6.50,250g,Coles,https://media.nedigital.sg/fairprice/fpol/media/images/product/XL/13212324_XL1_20220601.jpg?w=1200&q=70,https://media.nedigital.sg/fairprice/fpol/media/images/product/XL/13212324_LXL1_20220419.jpg?w=108&q=70,https://media.nedigital.sg/fairprice/fpol/media/images/product/XL/13212324_BXL1_20220419.jpg?w=108&q=70,None,None
34,Coles Microwaveable Soup Pouch - Minestrone,$5.95,430g,Coles,https://media.nedigital.sg/fairprice/fpol/media/images/product/XL/13212342_XL1_20220407.jpg?w=1200&q=70,https://media.nedigital.sg/fairprice/fpol/media/images/product/XL/13212342_BXL1_20220407.jpg?w=108&q=70,None,None,Cartons & Variety DS
35,Coles Topping Sauce - Caramel,$5.50,250ml,Coles,https://media.nedigital.sg/fairprice/fpol/media/images/product/XL/13214059_XL1_20220320.jpg?w=1200&q=70,https://media.nedigital.sg/fairprice/fpol/media/images/product/XL/13214059_BXL1_20220320.jpg?w=108&q=70,None,None,Cartons & Variety DS
36,Coles Lemon Sherbet,$3.50,200g,Coles,https://media.nedigital.sg/fairprice/fpol/media/images/product/XL/13212467_XL1_20220419.jpg?w=1200&q=70,https://media.nedigital.sg/fairprice/fpol/media/images/product/XL/13212467_BXL1_20220419.jpg?w=108&q=70,None,None,None
37,Coles Pasta - Bowties,$3.50,500g,Coles,https://media.nedigital.sg/fairprice/fpol/media/images/product/XL/13212441_XL1_20220407.jpg?w=1200&q=70,https://media.nedigital.sg/fairprice/fpol/media/images/product/XL/13212441_BXL1_20220407.jpg?w=108&q=70,None,None,Cartons & Variety DS
38,Coles Organic Freeze Dried Coffee - Rich & Smooth,$8.95,100g,Coles,https://media.nedigital.sg/fairprice/fpol/media/images/product/XL/13212445_XL1_20221028.jpg?w=1200&q=70,https://media.nedigital.sg/fairprice/fpol/media/images/product/XL/13212445_LXL1_20220413.jpg?w=108&q=70,https://media.nedigital.sg/fairprice/fpol/media/images/product/XL/13212445_BXL1_20220413.jpg?w=108&q=70,None,None
39,Coles Mexican Style Chilli Beans,$2.90,420g,Coles,https://media.nedigital.sg/fairprice/fpol/media/images/product/XL/13212328_XL1_20220421.jpg?w=1200&q=70,https://media.nedigital.sg/fairprice/fpol/media/images/product/XL/13212328_LXL1_20220421.jpg?w=108&q=70,https://media.nedigital.sg/fairprice/fpol/media/images/product/XL/13212328_BXL1_20220421.jpg?w=108&q=70,None,Cartons & Variety DS
40,Coles Tuna Sweet Chili,$1.95,95g,Coles,https://media.nedigital.sg/fairprice/fpol/media/images/product/XL/13213919_XL1_20220320.jpg?w=1200&q=70,https://media.nedigital.sg/fairprice/fpol/media/images/product/XL/13213919_LXL1_20220320.jpg?w=108&q=70,None,None,Cartons & Variety DS
41,Coles Organic Apple Cider Vinegar,$8.50,500ml,Coles,https://media.nedigital.sg/fairprice/fpol/media/images/product/XL/13213958_XL1_20220320.jpg?w=1200&q=70,https://media.nedigital.sg/fairprice/fpol/media/images/product/XL/13213958_LXL1_20220320.jpg?w=108&q=70,None,None,Cartons & Variety DS
42,Coles Urban Coffee Culture Ground Coffee Powder - Strong,$9.90,250g,Coles,https://media.nedigital.sg/fairprice/fpol/media/images/product/XL/13212460_XL1_20221028.jpg?w=1200&q=70,https://media.nedigital.sg/fairprice/fpol/media/images/product/XL/13212460_LXL1_20220413.jpg?w=108&q=70,https://media.nedigital.sg/fairprice/fpol/media/images/product/XL/13212460_RXL1_20220413.jpg?w=108&q=70,https://media.nedigital.sg/fairprice/fpol/media/images/product/XL/13212460_BXL1_20220413.jpg?w=108&q=70,None
43,Coles Topping Sauce - Chocolate,$5.50,250ml,Coles,https://media.nedigital.sg/fairprice/fpol/media/images/product/XL/13213978_XL1_20220320.jpg?w=1200&q=70,https://media.nedigital.sg/fairprice/fpol/media/images/product/XL/13213978_BXL1_20220320.jpg?w=108&q=70,None,None,None
44,Coles Pasta - Spiral Fusilli (No.114),$2.80,114g,Coles,https://media.nedigital.sg/fairprice/fpol/media/images/product/XL/13212439_XL1_20220421.jpg?w=1200&q=70,https://media.nedigital.sg/fairprice/fpol/media/images/product/XL/13212439_LXL1_20220421.jpg?w=108&q=70,https://media.nedigital.sg/fairprice/fpol/media/images/product/XL/13212439_BXL1_20220421.jpg?w=108&q=70,None,Cartons & Variety DS
45,Coles Pasta - Macaroni,$3.50,500g,Coles,https://media.nedigital.sg/fairprice/fpol/media/images/product/XL/13212440_XL1_20220419.jpg?w=1200&q=70,https://media.nedigital.sg/fairprice/fpol/media/images/product/XL/13212440_BXL1_20220419.jpg?w=108&q=70,None,None,None
46,Coles Urban Coffee Culture Ground Coffee Powder - Medium,$9.90,250g,Coles,https://media.nedigital.sg/fairprice/fpol/media/images/product/XL/13212449_XL1_20221028.jpg?w=1200&q=70,https://media.nedigital.sg/fairprice/fpol/media/images/product/XL/13212449_LXL1_20220413.jpg?w=108&q=70,https://media.nedigital.sg/fairprice/fpol/media/images/product/XL/13212449_RXL1_20220413.jpg?w=108&q=70,https://media.nedigital.sg/fairprice/fpol/media/images/product/XL/13212449_BXL1_20220413.jpg?w=108&q=70,None
47,Coles Barista Almond Milk - Unsweetened,$3.80,1L,Coles,https://media.nedigital.sg/fairprice/fpol/media/images/product/XL/13213920_XL1_20221212.jpg?w=1200&q=70,https://media.nedigital.sg/fairprice/fpol/media/images/product/XL/13213920_BXL1_20221212.jpg?w=108&q=70,None,None,None
48,Coles Urban Coffee Culture Coffee Capsules - Decaf,$6.80,52g,Coles,https://media.nedigital.sg/fairprice/fpol/media/images/product/XL/13212462_XL1_20221028.jpg?w=1200&q=70,https://media.nedigital.sg/fairprice/fpol/media/images/product/XL/13212462_LXL1_20220401.jpg?w=108&q=70,https://media.nedigital.sg/fairprice/fpol/media/images/product/XL/13212462_BXL1_20220401.jpg?w=108&q=70,None,None
49,Morrisons Seasoned Curly Fries,$5.65,600g,MORRISONS,https://media.nedigital.sg/fairprice/fpol/media/images/product/XL/13212976_XL1_20220729.jpg?w=1200&q=70,https://media.nedigital.sg/fairprice/fpol/media/images/product/XL/13212976_BXL1_20221027.jpg?w=108&q=70,None,None,None
50,Morrisons All Butter Shortbread Fingers,$2.00,210g,MORRISONS,https://media.nedigital.sg/fairprice/fpol/media/images/product/XL/13214092_XL1_20220526.jpg?w=1200&q=70,https://media.nedigital.sg/fairprice/fpol/media/images/product/XL/13214092_BXL1_20220526.jpg?w=108&q=70,None,None,None
51,Morrisons Chilli Flakes,$2.85,28g,MORRISONS,https://media.nedigital.sg/fairprice/fpol/media/images/product/XL/13212662_XL1_20220128.jpg?w=1200&q=70,None,None,None,None
52,Morrisons Spices - Paprika,$2.85,45g,MORRISONS,https://media.nedigital.sg/fairprice/fpol/media/images/product/XL/13213567_XL1_20221130.jpg?w=1200&q=70,None,None,None,Cartons & Variety DS
53,Morrisons Dijon Mustard,$2.45,185g,MORRISONS,https://media.nedigital.sg/fairprice/fpol/media/images/product/XL/13213981_XL1_20220318.jpg?w=1200&q=70,None,None,None,Cartons & Variety DS
54,Morrisons Grissini Breadsticks with Olive Oil,$1.95,125g,MORRISONS,https://media.nedigital.sg/fairprice/fpol/media/images/product/XL/13213500_XL1_20220624.jpg?w=1200&q=70,https://media.nedigital.sg/fairprice/fpol/media/images/product/XL/13213500_LXL1_20220624.jpg?w=108&q=70,https://media.nedigital.sg/fairprice/fpol/media/images/product/XL/13213500_RXL1_20220624.jpg?w=108&q=70,https://media.nedigital.sg/fairprice/fpol/media/images/product/XL/13213500_BXL1_20220624.jpg?w=108&q=70,Cartons & Variety DS
55,Morrisons Parsley,$2.85,11g,MORRISONS,https://media.nedigital.sg/fairprice/fpol/media/images/product/XL/13211990_XL1_20220121.jpg?w=1200&q=70,None,None,None,Cartons & Variety DS
56,Morrisons Muesli - Swiss Style,$8.55,1kg,MORRISONS,https://media.nedigital.sg/fairprice/fpol/media/images/product/XL/13212687_XL1_20220722.jpg?w=1200&q=70,https://media.nedigital.sg/fairprice/fpol/media/images/product/XL/13212687_LXL1_20220728.jpg?w=108&q=70,https://media.nedigital.sg/fairprice/fpol/media/images/product/XL/13212687_RXL1_20220728.jpg?w=108&q=70,https://media.nedigital.sg/fairprice/fpol/media/images/product/XL/13212687_BXL1_20220728.jpg?w=108&q=70,Cartons & Variety DS
57,Morrisons Cook It Herbs - Thyme,$2.85,16g,MORRISONS,https://media.nedigital.sg/fairprice/fpol/media/images/product/XL/13213569_XL1_20220512.jpg?w=1200&q=70,https://media.nedigital.sg/fairprice/fpol/media/images/product/XL/13213569_LXL1_20220512.jpg?w=108&q=70,https://media.nedigital.sg/fairprice/fpol/media/images/product/XL/13213569_BXL1_20220512.jpg?w=108&q=70,None,None
58,Morrisons Breaded Onion Rings,$5.05,500g,MORRISONS,https://media.nedigital.sg/fairprice/fpol/media/images/product/XL/13212974_XL1_20221026.jpg?w=1200&q=70,https://media.nedigital.sg/fairprice/fpol/media/images/product/XL/13212974_BXL1_20221026.jpg?w=108&q=70,None,None,None
59,Morrisons Croutons - Olive OIl & Sea Salt,$2.55,95g,MORRISONS,https://media.nedigital.sg/fairprice/fpol/media/images/product/XL/13213550_XL1_20220428.jpg?w=1200&q=70,https://media.nedigital.sg/fairprice/fpol/media/images/product/XL/13213550_LXL1_20220428.jpg?w=108&q=70,https://media.nedigital.sg/fairprice/fpol/media/images/product/XL/13213550_BXL1_20220428.jpg?w=108&q=70,None,None
60,Morrisons Black Peppercorns (Whole),$4.75,100g,MORRISONS,https://media.nedigital.sg/fairprice/fpol/media/images/product/XL/13212669_XL1_20220128.jpg?w=1200&q=70,None,None,None,Cartons & Variety DS
61,Morrisons The Best Balsamic Dressing,$3.55,255ml,MORRISONS,https://media.nedigital.sg/fairprice/fpol/media/images/product/XL/13212143_XL1_20220520.jpg?w=1200&q=70,https://media.nedigital.sg/fairprice/fpol/media/images/product/XL/13212143_LXL1_20220520.jpg?w=108&q=70,https://media.nedigital.sg/fairprice/fpol/media/images/product/XL/13212143_BXL1_20220520.jpg?w=108&q=70,None,Cartons & Variety DS
62,Morrinsons Bay Leaves,$2.85,3g,MORRISONS,https://media.nedigital.sg/fairprice/fpol/media/images/product/XL/13212133_XL1_20220128.jpg?w=1200&q=70,None,None,None,Cartons & Variety DS
63,Morrisons Chunky Cookies - Chocolate,$2.00,200g,MORRISONS,https://media.nedigital.sg/fairprice/fpol/media/images/product/XL/13214091_XL1_20220922.jpg?w=1200&q=70,https://media.nedigital.sg/fairprice/fpol/media/images/product/XL/13214091_LXL1_20220526.jpg?w=108&q=70,https://media.nedigital.sg/fairprice/fpol/media/images/product/XL/13214091_BXL1_20220526.jpg?w=108&q=70,None,Cartons & Variety DS
64,Morrisons Tea Bags - Strawberry & Cranberry,$4.25,80g (40 per pack),MORRISONS,https://media.nedigital.sg/fairprice/fpol/media/images/product/XL/13212693_XL1_20220128.jpg?w=1200&q=70,None,None,None,Cartons & Variety DS
65,Morissons Tea Bags - Camomile,$4.25,80g (40 per pack),MORRISONS,https://media.nedigital.sg/fairprice/fpol/media/images/product/XL/13212690_XL1_20220128.jpg?w=1200&q=70,None,None,None,None
66,Morrisons Gound Cinnamon,$2.85,37g,MORRISONS,https://media.nedigital.sg/fairprice/fpol/media/images/product/XL/13212661_XL1_20220128.jpg?w=1200&q=70,None,None,None,Cartons & Variety DS
67,Morrisons Grissini Mini Breadsticks with Olive Oil,$1.95,100g,MORRISONS,https://media.nedigital.sg/fairprice/fpol/media/images/product/XL/13213499_XL1_20220526.jpg?w=1200&q=70,https://media.nedigital.sg/fairprice/fpol/media/images/product/XL/13213499_LXL1_20220526.jpg?w=108&q=70,https://media.nedigital.sg/fairprice/fpol/media/images/product/XL/13213499_BXL1_20220526.jpg?w=108&q=70,None,Cartons & Variety DS
68,Morrisons Ground Ginger,$2.85,38g,MORRISONS,https://media.nedigital.sg/fairprice/fpol/media/images/product/XL/13212665_XL1_20220128.jpg?w=1200&q=70,None,None,None,Cartons & Variety DS
69,Marks & Spencer Chocolate Cornflake Mini Bites,$12.90,180 G,Marks & Spencer,https://media.nedigital.sg/fairprice/fpol/media/images/product/XL/90153634_XL1_20221202.jpg?w=1200&q=70,None,None,None,Marks & Spencer
70,Marks & Spencer Chocolate Brownie Mini Bites,$12.90,235 G,Marks & Spencer,https://media.nedigital.sg/fairprice/fpol/media/images/product/XL/90153631_XL1_20221202.jpg?w=1200&q=70,None,None,None,Marks & Spencer
71,Marks & Spencer Pistachio & Almond Cookies,$7.50,200 G,Marks & Spencer,https://media.nedigital.sg/fairprice/fpol/media/images/product/XL/90154033_XL1_20221202.jpg?w=1200&q=70,None,None,None,Marks & Spencer
72,Marks & Spencer Jam Sandwich Creams,$4.30,150 G,Marks & Spencer,https://media.nedigital.sg/fairprice/fpol/media/images/product/XL/90154004_XL1_20221202.jpg?w=1200&q=70,None,None,None,Marks & Spencer
73,Marks & Spencer Almond Biscuits,$4.30,200 G,Marks & Spencer,https://media.nedigital.sg/fairprice/fpol/media/images/product/XL/90154011_XL1_20221202.jpg?w=1200&q=70,None,None,None,Marks & Spencer
74,Marks & Spencer Caramel Crispy Mini Bites,$12.90,195 G,Marks & Spencer,https://media.nedigital.sg/fairprice/fpol/media/images/product/XL/90153632_XL1_20221202.jpg?w=1200&q=70,None,None,None,Marks & Spencer
75,Marks & Spencer Cream of Mushroom Soup,$4.30,400 G,Marks & Spencer,https://media.nedigital.sg/fairprice/fpol/media/images/product/XL/90153680_XL1_20221202.jpg?w=1200&q=70,None,None,None,Marks & Spencer
76,Marks & Spencer Butternut Squash & Sweet Potato Soup,$4.30,400 G,Marks & Spencer,https://media.nedigital.sg/fairprice/fpol/media/images/product/XL/90153689_XL1_20221202.jpg?w=1200&q=70,None,None,None,Marks & Spencer
77,Marks & Spencer Collection 9 Mini Mince Pies,$13.90,256 G,Marks & Spencer,https://media.nedigital.sg/fairprice/fpol/media/images/product/XL/90153875_XL1_20221202.jpg?w=1200&q=70,None,None,None,Marks & Spencer
78,Marks & Spencer Creamy Mushroom Cup Soup,$4.30,104 G,Marks & Spencer,https://media.nedigital.sg/fairprice/fpol/media/images/product/XL/90153626_XL1_20221202.jpg?w=1200&q=70,None,None,None,Marks & Spencer
79,Marks & Spencer Chunky Vegetable Soup,$4.30,400 G,Marks & Spencer,https://media.nedigital.sg/fairprice/fpol/media/images/product/XL/90153685_XL1_20221202.jpg?w=1200&q=70,None,None,None,Marks & Spencer
80,Marks & Spencer Triple Belgian Chocolate Chunk Cookies,$7.50,200 G,Marks & Spencer,https://media.nedigital.sg/fairprice/fpol/media/images/product/XL/90154031_XL1_20221202.jpg?w=1200&q=70,None,None,None,Marks & Spencer
81,Marks & Spencer Tomato & Basil Soup,$4.30,400 G,Marks & Spencer,https://media.nedigital.sg/fairprice/fpol/media/images/product/XL/90153677_XL1_20221202.jpg?w=1200&q=70,None,None,None,Marks & Spencer
82,Marks & Spencer Double Chocolate Mini Bites,$12.90,295 G,Marks & Spencer,https://media.nedigital.sg/fairprice/fpol/media/images/product/XL/90153675_XL1_20221202.jpg?w=1200&q=70,None,None,None,Marks & Spencer
83,Marks & Spencer Cream of Tomato Soup,$4.30,400 G,Marks & Spencer,https://media.nedigital.sg/fairprice/fpol/media/images/product/XL/90153679_XL1_20221202.jpg?w=1200&q=70,None,None,None,Marks & Spencer
84,Taj Basmati Low GI Rice,$18.90,5kg,Taj,https://media.nedigital.sg/fairprice/fpol/media/images/product/XL/13110758_XL1_20220909.jpg?w=1200&q=70,https://media.nedigital.sg/fairprice/fpol/media/images/product/XL/13110758_BXL1.jpg?w=108&q=70,None,None,None
85,FairPrice Basmati Rice,$8.90,2.5kg,Fairprice,https://media.nedigital.sg/fairprice/fpol/media/images/product/XL/13181359_XL1_20210726.jpg?w=1200&q=70,https://media.nedigital.sg/fairprice/fpol/media/images/product/XL/13181359_BXL1_20210430.jpg?w=108&q=70,None,None,None
86,Supreme Gold 1121 Basmati Rice,$16.20,5kg,Supreme,https://media.nedigital.sg/fairprice/fpol/media/images/product/XL/13194415_XL1_20210406.jpg?w=1200&q=70,https://media.nedigital.sg/fairprice/fpol/media/images/product/XL/13194415_LXL1_20210222.jpg?w=108&q=70,https://media.nedigital.sg/fairprice/fpol/media/images/product/XL/13194415_RXL1_20210222.jpg?w=108&q=70,https://media.nedigital.sg/fairprice/fpol/media/images/product/XL/13194415_BXL1_20210406.jpg?w=108&q=70,None
87,Royal India Basmati Rice - Extra Long,$17.90,5kg,Royalindia,https://media.nedigital.sg/fairprice/fpol/media/images/product/XL/13136865_XL1.jpg?w=1200&q=70,https://media.nedigital.sg/fairprice/fpol/media/images/product/XL/13136865_LXL1.jpg?w=108&q=70,https://media.nedigital.sg/fairprice/fpol/media/images/product/XL/13136865_BXL1.jpg?w=108&q=70,None,None
88,Taj Basmati Low GI Rice,$18.90,5kg,Taj,https://media.nedigital.sg/fairprice/fpol/media/images/product/XL/13110758_XL1_20220909.jpg?w=1200&q=70,https://media.nedigital.sg/fairprice/fpol/media/images/product/XL/13110758_BXL1.jpg?w=108&q=70,None,None,None
89,FairPrice Basmati Rice,$8.90,2.5kg,Fairprice,https://media.nedigital.sg/fairprice/fpol/media/images/product/XL/13181359_XL1_20210726.jpg?w=1200&q=70,https://media.nedigital.sg/fairprice/fpol/media/images/product/XL/13181359_BXL1_20210430.jpg?w=108&q=70,None,None,None
90,Supreme Gold 1121 Basmati Rice,$16.20,5kg,Supreme,https://media.nedigital.sg/fairprice/fpol/media/images/product/XL/13194415_XL1_20210406.jpg?w=1200&q=70,https://media.nedigital.sg/fairprice/fpol/media/images/product/XL/13194415_LXL1_20210222.jpg?w=108&q=70,https://media.nedigital.sg/fairprice/fpol/media/images/product/XL/13194415_RXL1_20210222.jpg?w=108&q=70,https://media.nedigital.sg/fairprice/fpol/media/images/product/XL/13194415_BXL1_20210406.jpg?w=108&q=70,None
91,Royal India Basmati Rice - Extra Long,$17.90,5kg,Royalindia,https://media.nedigital.sg/fairprice/fpol/media/images/product/XL/13136865_XL1.jpg?w=1200&q=70,https://media.nedigital.sg/fairprice/fpol/media/images/product/XL/13136865_LXL1.jpg?w=108&q=70,https://media.nedigital.sg/fairprice/fpol/media/images/product/XL/13136865_BXL1.jpg?w=108&q=70,None,None
92,Pasar Prepacked Carrots,$0.95,500g,Pasar,https://media.nedigital.sg/fairprice/fpol/media/images/product/XL/13000321_XL1_20221122.jpg?w=1200&q=70,https://media.nedigital.sg/fairprice/fpol/media/images/product/XL/13000321_BXL1.jpg?w=108&q=70,None,None,None
93,Gold Australian Broccoli,$3.00,250g,Gold,https://media.nedigital.sg/fairprice/fpol/media/images/product/XL/13110617_XL1_20221122.jpg?w=1200&q=70,None,None,None,None
94,Cowhead Cheese Slices - Cheddar,$7.95,3 x 250g (12 per pack),Cowhead,https://media.nedigital.sg/fairprice/fpol/media/images/product/XL/12056466_XL1_20210430.jpg?w=1200&q=70,https://media.nedigital.sg/fairprice/fpol/media/images/product/XL/12056466_LXL1_20210430.jpg?w=108&q=70,https://media.nedigital.sg/fairprice/fpol/media/images/product/XL/12056466_BXL1_20210430.jpg?w=108&q=70,None,None
95,FairPrice UHT Milk - Full Cream,$2.05,1L,Fairprice,https://media.nedigital.sg/fairprice/fpol/media/images/product/XL/11898581_XL1_20221118.jpg?w=1200&q=70,https://media.nedigital.sg/fairprice/fpol/media/images/product/XL/11898581_RXL1_20201021.jpg?w=108&q=70,https://media.nedigital.sg/fairprice/fpol/media/images/product/XL/11898581_BXL1_20201021.jpg?w=108&q=70,None,None
96,Meat Affair Australia Pork Minced,$8.82,1 KG,Meat Affair,https://media.nedigital.sg/fairprice/fpol/media/images/product/XL/90045080_XL1_20201109.jpg?w=1200&q=70,None,None,None,Meat Affair
97,Meat Affair Australia Fresh Pork Minced,$5.28,1 X 500G,Meat Affair,https://media.nedigital.sg/fairprice/fpol/media/images/product/XL/90053680_XL1_20201228.jpg?w=1200&q=70,None,None,None,Meat Affair
98,Aw's Market Beef Grassfed Mince,$6.40,150 G,Aw's Market,https://media.nedigital.sg/fairprice/fpol/media/images/product/XL/90020492_XL1.jpg?w=1200&q=70,None,None,None,Aw's Market
99,Aw's Market Beef Grassfed Prime Steer Ribeye,$8.00,150 G,Aw's Market,https://media.nedigital.sg/fairprice/fpol/media/images/product/XL/90020494_XL1.jpg?w=1200&q=70,None,None,None,Aw's Market
100,Garcia Baquero Spanish Cheese Festive Gift Set,$29.00,1 X 300G,Garcia Baquero,https://media.nedigital.sg/fairprice/fpol/media/images/product/XL/90156454_XL1_20221216.jpg?w=1200&q=70,None,None,None,QB Haven
101,Silverdale Beef Rib Fingers (Intercostals) 110 Days Grain Fed,$85.90,1 KG,Silverdale,https://media.nedigital.sg/fairprice/fpol/media/images/product/XL/90156477_XL1_20221216.jpg?w=1200&q=70,https://media.nedigital.sg/fairprice/fpol/media/images/product/XL/90156477_BXL1_20221216.jpg?w=108&q=70,None,None,Pantry Selects Portuguese Foods
102,Silverdale Beef Striploin 110 Days Grain Fed 250G,$20.70,250 G,Silverdale,https://media.nedigital.sg/fairprice/fpol/media/images/product/XL/90156475_XL1_20221216.jpg?w=1200&q=70,https://media.nedigital.sg/fairprice/fpol/media/images/product/XL/90156475_BXL1_20221216.jpg?w=108&q=70,None,None,Pantry Selects Portuguese Foods
103,Silverdale Beef Short Rib Meat (Boneless) 110 Days Grain Fed,$60.80,1.2 KG,Silverdale,https://media.nedigital.sg/fairprice/fpol/media/images/product/XL/90156478_XL1_20221216.jpg?w=1200&q=70,https://media.nedigital.sg/fairprice/fpol/media/images/product/XL/90156478_BXL1_20221216.jpg?w=108&q=70,None,None,Pantry Selects Portuguese Foods
104,Magiclean Bathroom Stain & Mold Remover Refill,$7.15,2 x 400ml,Magiclean,https://media.nedigital.sg/fairprice/fpol/media/images/product/XL/13018761_XL1_20220418.jpg?w=1200&q=70,https://media.nedigital.sg/fairprice/fpol/media/images/product/XL/13018761_LXL1_20210924.jpg?w=108&q=70,https://media.nedigital.sg/fairprice/fpol/media/images/product/XL/13018761_RXL1_20210924.jpg?w=108&q=70,https://media.nedigital.sg/fairprice/fpol/media/images/product/XL/13018761_BXL1_20210924.jpg?w=108&q=70,None
105,Scott Kitchen Towel Rolls,$5.25,6 per pack,Scott,https://media.nedigital.sg/fairprice/fpol/media/images/product/XL/13146286_XL1_20220802.jpg?w=1200&q=70,https://media.nedigital.sg/fairprice/fpol/media/images/product/XL/13146286_BXL1_20220509.jpg?w=108&q=70,None,None,None
106,AAA Preserved Vegetables - Pickled Lettuce,$1.65,180g,Aaa,https://media.nedigital.sg/fairprice/fpol/media/images/product/XL/10153561_XL1.jpg?w=1200&q=70,None,None,None,None
107,Magiclean Glass Cleaner Refill,$2.00,500ml,Magiclean,https://media.nedigital.sg/fairprice/fpol/media/images/product/XL/13011045_XL1_20220419.jpg?w=1200&q=70,https://media.nedigital.sg/fairprice/fpol/media/images/product/XL/13011045_LXL1_20210524.jpg?w=108&q=70,https://media.nedigital.sg/fairprice/fpol/media/images/product/XL/13011045_RXL1_20210524.jpg?w=108&q=70,https://media.nedigital.sg/fairprice/fpol/media/images/product/XL/13011045_BXL1_20210524.jpg?w=108&q=70,None
108,New Moon Premium Prosperity Abalone Treasure Pot,$118.00,1.8kg,New Moon,https://media.nedigital.sg/fairprice/fpol/media/images/product/XL/13048393_XL1_20220307.jpg?w=1200&q=70,None,None,None,None
109,Taisun Mixed Grain Cereal,$1.95,330g,Taisun,https://media.nedigital.sg/fairprice/fpol/media/images/product/XL/13134083_XL1.jpg?w=1200&q=70,https://media.nedigital.sg/fairprice/fpol/media/images/product/XL/13134083_LXL1.jpg?w=108&q=70,https://media.nedigital.sg/fairprice/fpol/media/images/product/XL/13134083_BXL1.jpg?w=108&q=70,None,Cartons & Variety DS
110,Taisun Mixed Congee - Black Glutinous Rice & Job's Tears,$1.95,255g,Taisun,https://media.nedigital.sg/fairprice/fpol/media/images/product/XL/13134082_XL1.jpg?w=1200&q=70,https://media.nedigital.sg/fairprice/fpol/media/images/product/XL/13134082_LXL1.jpg?w=108&q=70,https://media.nedigital.sg/fairprice/fpol/media/images/product/XL/13134082_BXL1.jpg?w=108&q=70,None,Cartons & Variety DS
111,Tai Sun Instant Dessert - Oatmeal with Chestnut,$1.95,330g,Taisun,https://media.nedigital.sg/fairprice/fpol/media/images/product/XL/13134081_XL1.jpg?w=1200&q=70,https://media.nedigital.sg/fairprice/fpol/media/images/product/XL/13134081_LXL1.jpg?w=108&q=70,https://media.nedigital.sg/fairprice/fpol/media/images/product/XL/13134081_BXL1.jpg?w=108&q=70,None,Cartons & Variety DS
112,Skater Mickey IH 20cm Pot&Fry pan with Detachable Handle,$134.10,4 pc,Skater,https://media.nedigital.sg/fairprice/fpol/media/images/product/XL/90156086_XL1_20221213.jpg?w=1200&q=70,https://media.nedigital.sg/fairprice/fpol/media/images/product/XL/90156086_LXL1_20221213.jpg?w=108&q=70,https://media.nedigital.sg/fairprice/fpol/media/images/product/XL/90156086_RXL1_20221213.jpg?w=108&q=70,https://media.nedigital.sg/fairprice/fpol/media/images/product/XL/90156086_BXL1_20221213.jpg?w=108&q=70,AXKLUSIV
113,Skater WinnieThePooh IH 20cm Pot&Fry pan w Detachable Handle,$134.10,4 pc,Skater,https://media.nedigital.sg/fairprice/fpol/media/images/product/XL/90156087_XL1_20221213.jpg?w=1200&q=70,https://media.nedigital.sg/fairprice/fpol/media/images/product/XL/90156087_LXL1_20221213.jpg?w=108&q=70,https://media.nedigital.sg/fairprice/fpol/media/images/product/XL/90156087_RXL1_20221213.jpg?w=108&q=70,https://media.nedigital.sg/fairprice/fpol/media/images/product/XL/90156087_BXL1_20221213.jpg?w=108&q=70,AXKLUSIV
114,Casa Taiwan World Cup Drink (Hong Kong Mango Pomelo Sago),$7.90,126 G,Casa,https://media.nedigital.sg/fairprice/fpol/media/images/product/XL/90155397_XL1_20221207.jpg?w=1200&q=70,https://media.nedigital.sg/fairprice/fpol/media/images/product/XL/90155397_BXL1_20221207.jpg?w=108&q=70,None,None,Food People
115,Casa Taiwan World Cup Drink (Matcha Latte),$7.90,127 G,Casa,https://media.nedigital.sg/fairprice/fpol/media/images/product/XL/90155396_XL1_20221207.jpg?w=1200&q=70,https://media.nedigital.sg/fairprice/fpol/media/images/product/XL/90155396_BXL1_20221207.jpg?w=108&q=70,None,None,Food People
116,Royal Umbrella Thai Hom Mali Rice,$15.50,5kg,Royal Umbrella,https://media.nedigital.sg/fairprice/fpol/media/images/product/XL/13111322_XL1_20210430.jpg?w=1200&q=70,https://media.nedigital.sg/fairprice/fpol/media/images/product/XL/13111322_BXL1_20210430.jpg?w=108&q=70,None,None,None
117,Freezerpak Crispy Chicken Nuggets,$8.40,1kg,FREEZEPAK,https://media.nedigital.sg/fairprice/fpol/media/images/product/XL/13177941_XL1_20210510.jpg?w=1200&q=70,https://media.nedigital.sg/fairprice/fpol/media/images/product/XL/13177941_BXL1_20210510.jpg?w=108&q=70,None,None,None
118,SongHe AAA Thai Hom Mali Rice - New Crop,$13.80,5kg,Songhe,https://media.nedigital.sg/fairprice/fpol/media/images/product/XL/13110987_XL1_20211124.jpg?w=1200&q=70,https://media.nedigital.sg/fairprice/fpol/media/images/product/XL/13110987_LXL1_20211124.jpg?w=108&q=70,https://media.nedigital.sg/fairprice/fpol/media/images/product/XL/13110987_RXL1_20211124.jpg?w=108&q=70,https://media.nedigital.sg/fairprice/fpol/media/images/product/XL/13110987_BXL1_20211124.jpg?w=108&q=70,None
119,FairPrice Pure Cane Sugar - Fine Grain,$1.60,1kg,Fairprice,https://media.nedigital.sg/fairprice/fpol/media/images/product/XL/13179115_XL1_20210824.jpg?w=1200&q=70,https://media.nedigital.sg/fairprice/fpol/media/images/product/XL/13179115_LXL1_20210824.jpg?w=108&q=70,https://media.nedigital.sg/fairprice/fpol/media/images/product/XL/13179115_BXL1_20210824.jpg?w=108&q=70,None,None
120,Coco Thumb Fresh Coconut,$3.90,1 per pack,Thai,https://media.nedigital.sg/fairprice/fpol/media/images/product/XL/13167850_XL1_20221123.jpg?w=1200&q=70,https://media.nedigital.sg/fairprice/fpol/media/images/product/XL/13167850_LXL1_20201217.jpg?w=108&q=70,None,None,None
121,Pasar Thailand Spring Onion,$1.65,100g,Pasar,https://media.nedigital.sg/fairprice/fpol/media/images/product/XL/10554146_XL1_20221123.jpg?w=1200&q=70,https://media.nedigital.sg/fairprice/fpol/media/images/product/XL/10554146_LXL1.jpg?w=108&q=70,https://media.nedigital.sg/fairprice/fpol/media/images/product/XL/10554146_BXL1.jpg?w=108&q=70,None,None
122,Pasar Thailand Corn of Cob,$2.99,2 per pack,Pasar,https://media.nedigital.sg/fairprice/fpol/media/images/product/XL/13035207_XL1_20221123.jpg?w=1200&q=70,https://media.nedigital.sg/fairprice/fpol/media/images/product/XL/13035207_LXL1.jpg?w=108&q=70,https://media.nedigital.sg/fairprice/fpol/media/images/product/XL/13035207_BXL1.jpg?w=108&q=70,None,None
123,FairPrice Frozen Edamame Salted Soy Beans,$3.30,500g,Fairprice,https://media.nedigital.sg/fairprice/fpol/media/images/product/XL/10045587_XL1_20201012.jpg?w=1200&q=70,https://media.nedigital.sg/fairprice/fpol/media/images/product/XL/10045587_BXL1_20201012.jpg?w=108&q=70,None,None,None
124,AAA Thai Seafood Chilli Sauce (5KG),$39.90,5 KG,AAA,https://media.nedigital.sg/fairprice/fpol/media/images/product/XL/90149619_XL1_20221012.jpg?w=1200&q=70,None,None,None,Sinhua Hock Kee
125,AAA Suki Sauce (5KG),$39.90,5 KG,AAA,https://media.nedigital.sg/fairprice/fpol/media/images/product/XL/90149618_XL1_20221012.jpg?w=1200&q=70,None,None,None,Sinhua Hock Kee
126,Alpro Oat Milk Unsweetened Plant Based UHT 1L,$7.90,1 L,ALPRO,https://media.nedigital.sg/fairprice/fpol/media/images/product/XL/90135614_XL1_20220613.jpg?w=1200&q=70,https://media.nedigital.sg/fairprice/fpol/media/images/product/XL/90135614_BXL1_20220613.jpg?w=108&q=70,None,None,Mr Bazaar
127,Alpro Oat Milk Unsweetened Plant Based UHT 180ml x 24 Packs,$41.90,24 X 180ML,ALPRO,https://media.nedigital.sg/fairprice/fpol/media/images/product/XL/90135613_XL1_20220613.jpg?w=1200&q=70,https://media.nedigital.sg/fairprice/fpol/media/images/product/XL/90135613_BXL1_20220613.jpg?w=108&q=70,None,None,Mr Bazaar
128,OSK Japanese Green Tea Bags,$5.90,50 x 2g,Osk,https://media.nedigital.sg/fairprice/fpol/media/images/product/XL/114273_XL1_20220915.jpg?w=1200&q=70,https://media.nedigital.sg/fairprice/fpol/media/images/product/XL/114273_LXL1_20220915.jpg?w=108&q=70,https://media.nedigital.sg/fairprice/fpol/media/images/product/XL/114273_RXL1_20220915.jpg?w=108&q=70,https://media.nedigital.sg/fairprice/fpol/media/images/product/XL/114273_BXL1_20210823.jpg?w=108&q=70,None
129,Magiclean Bathroom Stain & Mold Remover,$4.85,400ml,Magiclean,https://media.nedigital.sg/fairprice/fpol/media/images/product/XL/12329292_XL1_20220418.jpg?w=1200&q=70,https://media.nedigital.sg/fairprice/fpol/media/images/product/XL/12329292_LXL1_20210514.jpg?w=108&q=70,https://media.nedigital.sg/fairprice/fpol/media/images/product/XL/12329292_RXL1_20210514.jpg?w=108&q=70,https://media.nedigital.sg/fairprice/fpol/media/images/product/XL/12329292_BXL1_20210514.jpg?w=108&q=70,None
130,Magiclean Wiper Dry Sheet,$11.15,3 x 20 per pack,Magiclean,https://media.nedigital.sg/fairprice/fpol/media/images/product/XL/725377_XL1_20220418.jpg?w=1200&q=70,https://media.nedigital.sg/fairprice/fpol/media/images/product/XL/725377_LXL1_20210524.jpg?w=108&q=70,https://media.nedigital.sg/fairprice/fpol/media/images/product/XL/725377_RXL1_20210524.jpg?w=108&q=70,https://media.nedigital.sg/fairprice/fpol/media/images/product/XL/725377_BXL1_20210524.jpg?w=108&q=70,None
131,(Sample) Nonio Medicated Mouth Wash - Clear Herb Mint,$0.10,80ml,NONIO,https://media.nedigital.sg/fairprice/fpol/media/images/product/XL/13203807_XL1_20210728.jpg?w=1200&q=70,https://media.nedigital.sg/fairprice/fpol/media/images/product/XL/13203807_LXL1_20220408.jpg?w=108&q=70,https://media.nedigital.sg/fairprice/fpol/media/images/product/XL/13203807_BXL1_20210728.jpg?w=108&q=70,None,None
132,Mitsuya Tasty Biscuit Stick,$1.60,40g,Mitsuya,https://media.nedigital.sg/fairprice/fpol/media/images/product/XL/491837_XL1_20220919.jpg?w=1200&q=70,None,None,None,None
133,Nestle Kit Kat Mini Chocolate Bar - Otoama (Dark),$5.15,13 per pack,Kit Kat,https://media.nedigital.sg/fairprice/fpol/media/images/product/XL/13009617_XL1_20221031.jpg?w=1200&q=70,None,None,None,None
134,Nestle Kit Kat Mini Chocolate Bar - Otoama(Green Tea),$5.15,12 per pack,Kit Kat,https://media.nedigital.sg/fairprice/fpol/media/images/product/XL/13066282_XL1_20221122.jpg?w=1200&q=70,None,None,None,Cartons & Variety DS
135,Meiji Chocolate - Macadamia,$3.60,64g,Meiji,https://media.nedigital.sg/fairprice/fpol/media/images/product/XL/13160242_XL1_20210210.jpg?w=1200&q=70,https://media.nedigital.sg/fairprice/fpol/media/images/product/XL/13160242_LXL1_20210210.jpg?w=108&q=70,https://media.nedigital.sg/fairprice/fpol/media/images/product/XL/13160242_RXL1_20210210.jpg?w=108&q=70,https://media.nedigital.sg/fairprice/fpol/media/images/product/XL/13160242_BXL1_20210210.jpg?w=108&q=70,Cartons & Variety DS
136,UCC Decaffeinated RTD Instant Coffee Sugar Free,$23.40,6 X 930ML,Ucc,https://media.nedigital.sg/fairprice/fpol/media/images/product/XL/90155273_XL1_20221206.jpg?w=1200&q=70,https://media.nedigital.sg/fairprice/fpol/media/images/product/XL/90155273_BXL1_20221206.jpg?w=108&q=70,None,None,SUNDAY
137,UCC Decaffeinated RTD Instant Coffee Sugar Free,$44.50,12 X 930ML,Ucc,https://media.nedigital.sg/fairprice/fpol/media/images/product/XL/90155272_XL1_20221206.jpg?w=1200&q=70,https://media.nedigital.sg/fairprice/fpol/media/images/product/XL/90155272_BXL1_20221206.jpg?w=108&q=70,None,None,SUNDAY
138,UCC Decaffeinated RTD Instant Coffee Sugar Free,$4.50,930 ML,Ucc,https://media.nedigital.sg/fairprice/fpol/media/images/product/XL/90155274_XL1_20221206.jpg?w=1200&q=70,https://media.nedigital.sg/fairprice/fpol/media/images/product/XL/90155274_BXL1_20221206.jpg?w=108&q=70,None,None,SUNDAY
139,Kirei Sengetsu Mugon Aged Kome Shochu,$129.00,720 ML,Kirei,https://media.nedigital.sg/fairprice/fpol/media/images/product/XL/90152191_XL1_20221201.jpg?w=1200&q=70,None,None,None,Kirei Japanese Food Supply
140,US Russet Potato Pack,$3.60,1kg,Us,https://media.nedigital.sg/fairprice/fpol/media/images/product/XL/13088687_XL1_20221122.jpg?w=1200&q=70,https://media.nedigital.sg/fairprice/fpol/media/images/product/XL/13088687_BXL1.jpg?w=108&q=70,None,None,None
141,Clorox Toilet Bowl Cleaner with Bleach - Rain Clean,$8.65,2 x 709ml,Clorox,https://media.nedigital.sg/fairprice/fpol/media/images/product/XL/13057113_XL1_20221020.jpg?w=1200&q=70,None,None,None,Cartons & Variety DS
142,Arm & Hammer Pure Baking Soda,$1.50,454g,Arm & Hammer,https://media.nedigital.sg/fairprice/fpol/media/images/product/XL/110180_XL1_20220428.jpg?w=1200&q=70,https://media.nedigital.sg/fairprice/fpol/media/images/product/XL/110180_LXL1_20220428.jpg?w=108&q=70,https://media.nedigital.sg/fairprice/fpol/media/images/product/XL/110180_BXL1_20220428.jpg?w=108&q=70,None,None
143,Diamond Aluminum Foil (25 square feet),$1.97,1 per pack,Diamond Brand,https://media.nedigital.sg/fairprice/fpol/media/images/product/XL/38225_XL1_20210222.jpg?w=1200&q=70,https://media.nedigital.sg/fairprice/fpol/media/images/product/XL/38225_LXL1_20210222.jpg?w=108&q=70,https://media.nedigital.sg/fairprice/fpol/media/images/product/XL/38225_RXL1_20210222.jpg?w=108&q=70,https://media.nedigital.sg/fairprice/fpol/media/images/product/XL/38225_BXL1_20210222.jpg?w=108&q=70,None
144,US Russet Potato Pack,$3.60,1kg,Us,https://media.nedigital.sg/fairprice/fpol/media/images/product/XL/13088687_XL1_20221122.jpg?w=1200&q=70,https://media.nedigital.sg/fairprice/fpol/media/images/product/XL/13088687_BXL1.jpg?w=108&q=70,None,None,None
145,USA Red Seedless Grapes,$5.95,500g,Usa,https://media.nedigital.sg/fairprice/fpol/media/images/product/XL/13139679_XL1_20221122.jpg?w=1200&q=70,None,None,None,None
146,USA Autumn Crisp Grapes - Green (Seedless),$7.95,500g,Usa,https://media.nedigital.sg/fairprice/fpol/media/images/product/XL/13164787_XL1_20221122.jpg?w=1200&q=70,https://media.nedigital.sg/fairprice/fpol/media/images/product/XL/13164787_LXL1_20201109.jpg?w=108&q=70,https://media.nedigital.sg/fairprice/fpol/media/images/product/XL/13164787_RXL1_20201109.jpg?w=108&q=70,https://media.nedigital.sg/fairprice/fpol/media/images/product/XL/13164787_BXL1_20201109.jpg?w=108&q=70,None
147,Berryfield Whole Frozen Blueberries,$21.20,1kg,BERRYFIELD,https://media.nedigital.sg/fairprice/fpol/media/images/product/XL/13177827_XL1_20210510.jpg?w=1200&q=70,https://media.nedigital.sg/fairprice/fpol/media/images/product/XL/13177827_BXL1_20210510.jpg?w=108&q=70,None,None,None
148,Hershey Popped Snack Mix Pouch,$9.52,8 OZ,Hershey,https://media.nedigital.sg/fairprice/fpol/media/images/product/XL/90152411_XL1_20221116.jpg?w=1200&q=70,None,None,None,Choco Express
149,Reese Popped Snack Mix Pouch,$9.52,8 OZ,Reese,https://media.nedigital.sg/fairprice/fpol/media/images/product/XL/90152405_XL1_20221116.jpg?w=1200&q=70,None,None,None,Choco Express
150,Hershey Popped Snack Mix,$5.36,4 OZ,Hershey,https://media.nedigital.sg/fairprice/fpol/media/images/product/XL/90152407_XL1_20221116.jpg?w=1200&q=70,None,None,None,Choco Express
151,Bulleit Bourbon Whisky,$136.00,2 X 700ML,Bulleit,https://media.nedigital.sg/fairprice/fpol/media/images/product/XL/90144648_XL1_20220827.jpg?w=1200&q=70,None,None,None,Prestigio Delights
152,Holland Potato (China),$1.25,1kg,Holland,https://media.nedigital.sg/fairprice/fpol/media/images/product/XL/13057650_XL1_20221122.jpg?w=1200&q=70,https://media.nedigital.sg/fairprice/fpol/media/images/product/XL/13057650_BXL1.jpg?w=108&q=70,None,None,None
153,Maling Premium Luncheon Meat - Pork,$2.95,397g,Maling,https://media.nedigital.sg/fairprice/fpol/media/images/product/XL/10125886_XL1_20221109.jpg?w=1200&q=70,https://media.nedigital.sg/fairprice/fpol/media/images/product/XL/10125886_LXL1_20210622.jpg?w=108&q=70,https://media.nedigital.sg/fairprice/fpol/media/images/product/XL/10125886_RXL1_20210622.jpg?w=108&q=70,https://media.nedigital.sg/fairprice/fpol/media/images/product/XL/10125886_BXL1_20210622.jpg?w=108&q=70,None
154,Gold Beijing Cabbage,$1.80,600g,Gold,https://media.nedigital.sg/fairprice/fpol/media/images/product/XL/13097800_XL1_20221122.jpg?w=1200&q=70,https://media.nedigital.sg/fairprice/fpol/media/images/product/XL/13097800_BXL1.jpg?w=108&q=70,None,None,None
155,Chef China Garlic - Pure White,$1.75,500g,Chef,https://media.nedigital.sg/fairprice/fpol/media/images/product/XL/10734550_XL1_20221122.jpg?w=1200&q=70,https://media.nedigital.sg/fairprice/fpol/media/images/product/XL/10734550_LXL1_20211122.jpg?w=108&q=70,https://media.nedigital.sg/fairprice/fpol/media/images/product/XL/10734550_RXL1_20211122.jpg?w=108&q=70,https://media.nedigital.sg/fairprice/fpol/media/images/product/XL/10734550_BXL1_20211122.jpg?w=108&q=70,None
156,Maling Premium Luncheon Meat - Pork,$2.95,397g,Maling,https://media.nedigital.sg/fairprice/fpol/media/images/product/XL/10125886_XL1_20221109.jpg?w=1200&q=70,https://media.nedigital.sg/fairprice/fpol/media/images/product/XL/10125886_LXL1_20210622.jpg?w=108&q=70,https://media.nedigital.sg/fairprice/fpol/media/images/product/XL/10125886_RXL1_20210622.jpg?w=108&q=70,https://media.nedigital.sg/fairprice/fpol/media/images/product/XL/10125886_BXL1_20210622.jpg?w=108&q=70,None
157,Narcissus Can Food - Whole Mushrooms,$1.65,425g,Narcissus,https://media.nedigital.sg/fairprice/fpol/media/images/product/XL/10458605_XL1_20220921.jpg?w=1200&q=70,https://media.nedigital.sg/fairprice/fpol/media/images/product/XL/10458605_LXL1_20220921.jpg?w=108&q=70,https://media.nedigital.sg/fairprice/fpol/media/images/product/XL/10458605_BXL1_20220921.jpg?w=108&q=70,None,None
158,Nongshim Shin Ramyun Instant Noodle - Spicy,$4.45,5 x 120g,Nongshim,https://media.nedigital.sg/fairprice/fpol/media/images/product/XL/11130492_XL1_20210208.jpg?w=1200&q=70,https://media.nedigital.sg/fairprice/fpol/media/images/product/XL/11130492_LXL1_20210208.jpg?w=108&q=70,https://media.nedigital.sg/fairprice/fpol/media/images/product/XL/11130492_RXL1_20210208.jpg?w=108&q=70,https://media.nedigital.sg/fairprice/fpol/media/images/product/XL/11130492_BXL1_20210208.jpg?w=108&q=70,None
159,Narcissus Can Food - Braised Peanuts,$0.85,170g,Narcissus,https://media.nedigital.sg/fairprice/fpol/media/images/product/XL/13055480_XL1_20221019.jpg?w=1200&q=70,https://media.nedigital.sg/fairprice/fpol/media/images/product/XL/13055480_LXL1_20221019.jpg?w=108&q=70,https://media.nedigital.sg/fairprice/fpol/media/images/product/XL/13055480_BXL1_20221019.jpg?w=108&q=70,None,None
160,Haday Red Beancurd,$2.70,288 G,Haday,https://media.nedigital.sg/fairprice/fpol/media/images/product/XL/90151570_XL1_20221103.jpg?w=1200&q=70,None,None,None,Chuan Hong Seng
161,AAA Rice Vinegar Bundle (S),$24.00,6 KG,AAA,https://media.nedigital.sg/fairprice/fpol/media/images/product/XL/90149617_XL1_20221012.jpg?w=1200&q=70,None,None,None,Sinhua Hock Kee
162,AAA Rice Vinegar Bundle (B),$19.20,7.2 KG,AAA,https://media.nedigital.sg/fairprice/fpol/media/images/product/XL/90149616_XL1_20221012.jpg?w=1200&q=70,None,None,None,Sinhua Hock Kee
163,Cai Lin Ji Wuhan Hot and Dry Noodles - Original,$7.50,700 G,Cai Lin Ji,https://media.nedigital.sg/fairprice/fpol/media/images/product/XL/90147787_XL1_20220923.jpg?w=1200&q=70,None,None,None,Munch N' Stuff
164,3M Scotch-Brite Scrub Sponges - Tough Clean,$4.10,3 per pack,3m,https://media.nedigital.sg/fairprice/fpol/media/images/product/XL/13211350_XL1_20220615.jpg?w=1200&q=70,https://media.nedigital.sg/fairprice/fpol/media/images/product/XL/13211350_LXL1_20220626.jpg?w=108&q=70,https://media.nedigital.sg/fairprice/fpol/media/images/product/XL/13211350_BXL1_20220626.jpg?w=108&q=70,None,None
165,Lotte Premium Luncheon Meat,$5.25,340g,Lotte,https://media.nedigital.sg/fairprice/fpol/media/images/product/XL/13193481_XL1_20211012.jpg?w=1200&q=70,None,None,None,None
